{"cameraMode":{"drawMode":0,"name":"Shaded","section":"Shading Mode"},"sceneLighting":false,"audioPlay":false,"sceneViewState":{"showFog":true,"showMaterialUpdate":true,"showSkybox":false,"showFlares":true,"showImageEffects":true,"showParticleSystems":true},"in2DMode":false,"pivot":{"x":-1.0955345630645753,"y":-0.1151871532201767,"z":-0.3155342936515808},"rotation":{"x":0.002848612144589424,"y":0.930915117263794,"z":-0.3651537597179413,"w":0.0072621130384504799},"size":0.4441719949245453,"orthographic":false}