{"cameraMode":{"drawMode":0,"name":"Shaded","section":"Shading Mode"},"sceneLighting":false,"audioPlay":false,"sceneViewState":{"showFog":true,"showMaterialUpdate":true,"showSkybox":false,"showFlares":true,"showImageEffects":true,"showParticleSystems":true},"in2DMode":false,"pivot":{"x":-1.062000036239624,"y":0.37980151176452639,"z":2.7139999866485597},"rotation":{"x":0.002848612144589424,"y":0.930915117263794,"z":-0.3651537597179413,"w":0.0072621130384504799},"size":1.0933552980422974,"orthographic":false}