{"cameraMode":{"drawMode":0,"name":"Shaded","section":"Shading Mode"},"sceneLighting":false,"audioPlay":false,"sceneViewState":{"showFog":true,"showMaterialUpdate":true,"showSkybox":false,"showFlares":true,"showImageEffects":true,"showParticleSystems":true},"in2DMode":false,"pivot":{"x":-1.0637359619140626,"y":0.37968018651008608,"z":2.7150228023529054},"rotation":{"x":0.002848612144589424,"y":0.930915117263794,"z":-0.3651537597179413,"w":0.0072621130384504799},"size":0.7979457974433899,"orthographic":false}