{"cameraMode":{"drawMode":0,"name":"Shaded","section":"Shading Mode"},"sceneLighting":false,"audioPlay":false,"sceneViewState":{"showFog":true,"showMaterialUpdate":true,"showSkybox":true,"showFlares":true,"showImageEffects":true,"showParticleSystems":true},"in2DMode":false,"pivot":{"x":82.88721466064453,"y":105.62791442871094,"z":-27.732650756835939},"rotation":{"x":-0.16183610260486604,"y":-0.4441419243812561,"z":0.0819222703576088,"w":-0.8774101734161377},"size":0.8660253882408142,"orthographic":false}