{"cameraMode":{"drawMode":0,"name":"Shaded","section":"Shading Mode"},"sceneLighting":false,"audioPlay":false,"sceneViewState":{"showFog":true,"showMaterialUpdate":true,"showSkybox":false,"showFlares":true,"showImageEffects":true,"showParticleSystems":true},"in2DMode":false,"pivot":{"x":-2.507004737854004,"y":0.1951444149017334,"z":1.6705079078674317},"rotation":{"x":0.002848612144589424,"y":0.930915117263794,"z":-0.3651537597179413,"w":0.0072621130384504799},"size":1.1491085290908814,"orthographic":false}