{"cameraMode":{"drawMode":0,"name":"Shaded","section":"Shading Mode"},"sceneLighting":false,"audioPlay":false,"sceneViewState":{"showFog":true,"showMaterialUpdate":true,"showSkybox":false,"showFlares":true,"showImageEffects":true,"showParticleSystems":true},"in2DMode":false,"pivot":{"x":-3961.85546875,"y":-58.9461669921875,"z":-1293.0037841796875},"rotation":{"x":-0.06562305986881256,"y":0.8213756680488586,"z":-0.09654157608747482,"w":-0.5583224892616272},"size":3520.7392578125,"orthographic":false}