{"cameraMode":{"drawMode":0,"name":"Shaded","section":"Shading Mode"},"sceneLighting":false,"audioPlay":false,"sceneViewState":{"showFog":true,"showMaterialUpdate":true,"showSkybox":false,"showFlares":true,"showImageEffects":true,"showParticleSystems":true},"in2DMode":false,"pivot":{"x":5.26374626159668,"y":5.745111465454102,"z":-0.12090873718261719},"rotation":{"x":0.004484017379581928,"y":-0.08479564636945725,"z":0.0003812724316958338,"w":0.9963911175727844},"size":4.518582344055176,"orthographic":false}