{"cameraMode":{"drawMode":0,"name":"Shaded","section":"Shading Mode"},"sceneLighting":false,"audioPlay":false,"sceneViewState":{"showFog":true,"showMaterialUpdate":true,"showSkybox":true,"showFlares":true,"showImageEffects":true,"showParticleSystems":true},"in2DMode":false,"pivot":{"x":-1700.820556640625,"y":60.58631896972656,"z":1610.726318359375},"rotation":{"x":0.02075621485710144,"y":-0.6848801374435425,"z":0.019524430856108667,"w":0.7281079888343811},"size":1421.56982421875,"orthographic":false}